Player,Nationality,Born,Region,Status,Current Role,Team,Approx. Total Winnings,Controller
MaRc_By_8.,Spain,21,Europe,Active,Player,ARG,"$227,587",PlayStation
M0nkey_M00n,France,19,Europe,Active,Player,Team BDS,"$455,111",PlayStation
Extra,France,20,Europe,Active,Player,Team BDS,"$457,670",Not Listed
Fairy_Peak!,France,24,Europe,Active,Player,,"$416,945",PlayStation
Kaydop,France,24,Europe,Active,Player,Team Vitality,"$529,745",Xbox
Alpha54,France,19,Europe,Active,Player,Team Vitality,"$221,285",Not Listed
Joyo,England,16,Europe,Active,Player,Moist Esports,"$139,319",Not Listed
Vatira,France,16,Europe,Active,Player,Moist Esports,"$138,311",PlayStation
Rise.,England,17,Europe,Active,Player,Moist Esports,"$141,051",PlayStation
Mittaen,Netherlands,21,Europe,Active,Player,,"$34,277",PlayStation
Arju,Italy,19,Europe,Active,Player,Reply Totem,"$48,872",Not Listed
Kash,England,20,Europe,Active,Player,,"$32,470",Not Listed
Kassio,France,21,Europe,Active,Player,SMPR Esports,"$163,083",PlayStation
Archie,England,17,Europe,Active,Player,SMPR Esports,"$115,070",PlayStation
Chausette45,France,21,Europe,Active,Player,SMPR Esports,"$200,116",Not Listed
RelatingWave,England,19,Europe,Active,Player,,"$107,860",Thrustmaster eSwap Pro Controller
Metsanauris,Finland,23,Europe,Active,Player,,"$236,014",Thrustmaster eSwap controller
Seikoo,France,18,Europe,Active,Player,Team BDS,"$268,918",PlayStation
Joreuz,Netherlands,17,Europe,Active,Player,Dignitas,"$113,798",PlayStation
ApparentlyJack,England,18,Europe,Active,Player,Dignitas,"$96,158",PlayStation
Scrub_Killa,Scotland,19,Europe,Active,Player,Dignitas,"$298,669",PlayStation
Stake,Spain,22,Europe,Active,Player,,"$72,981",Not Listed
Itachi,Morocco,19,Europe,Active,Player,Karmine Corp,"$97,852",Not Listed
AztraL,Belgium,19,Europe,Active,Player,Karmine Corp,"$185,223",Thrustmaster eSwap Pro Controller
AtomiK,Spain,17,Europe,Active,Player,ARG,"$76,707",Thrustmaster eSwap Pro Controller
DmentZa,SpainColombia,20,Europe,Retired,Player,,"$50,989",PlayStation
VKSailen,Spain,19,Europe,Active,Player,Aogiri,"$49,682",PlayStation
ThO.,Netherlands,20,Europe,Active,Player,,"$80,160",PlayStation
Oaly.,Netherlands,18,Europe,Active,Player,,"$26,535",Not Listed
ViolentPanda,Netherlands,23,Europe,Active,Player,Sector One,"$309,280",Xbox
Yukeo,Austria,22,Europe,Active,Player,,"$142,230",KBM
Tox,Germany,19,Europe,Active,Player,Morekats Gaming,"$78,196",PlayStation
Eekso,England,20,Europe,Active,Player,Luminosity Gaming,"$63,356",Not Listed
Tigreee,Germany,22,Europe,Active,Player,,"$61,016",PlayStation
Dead-Monster,Italy,21,Europe,Active,Player,,"$14,280",PlayStation
LuiisP,SpainGermany,18,Europe,Active,Player,Natus Vincere,"$14,726",PlayStation
Saizen,France,16,Europe,Active,Player,,"$16,872",PlayStation
Pryyme,France,22,Europe,Active,Player,,"$15,052",Xbox
Radosin,FranceSerbia,18,Europe,Active,Player,Team Vitality,"$20,038",Not Listed
FlamE,England,22,Europe,Active,Player,,"$103,526",Not Listed
Breezi,WalesEngland,20,Europe,Active,Player,CHI RL,"$26,435",Thrustmaster eSwap Pro Controller
Hibbs,England,19,Europe,Active,Player,,"$24,726",PlayStation
Catalysm,GermanyCuba,20,Europe,Active,Player,Evil Geniuses,"$49,290",PlayStation
Ivn,Austria,19,Europe,Active,Player,Evil Geniuses,"$35,716",PlayStation
Rizex45,Germany,20,Europe,Active,Player,Evil Geniuses,"$47,760",Not Listed
Noly,England,20,Europe,Active,Player,Karmine Corp,"$116,612",Not Listed
Deevo,England,22,Europe,Active,Player,,"$269,518",Not Listed
Bluey.,England,20,Europe,Active,Player,,"$86,793",Not Listed
Crr,Spain,16,Europe,Active,Player,Guild Esports,"$119,794",PlayStation
Zamué,Spain,21,Europe,Active,Player,,"$55,031",PlayStation
Dorito,Spain,18,Europe,Active,Player,ARG,"$115,295",PlayStation
Growlii,England,17,Europe,Active,Player,,"$3,200",Xbox
Rxii,Spain,18,Europe,Active,Player,,"$5,350",PlayStation
Kuxir97,Italy,25,Europe,Active,Player,,"$151,634",PlayStation
AYYJAYY,United States,19,North America,Active,Player,FaZe Clan,"$301,781",PlayStation
Allushin,Canada,22,North America,Active,Player,OpTic Gaming,"$136,450",Not Listed
Firstkiller,United States,17,North America,Active,Player,FaZe Clan,"$306,735",Not Listed
GarrettG,United States,21,North America,Active,Player,The General NRG,"$529,731",PlayStation
Jstn.,United States,20,North America,Active,Player,The General NRG,"$475,997",PlayStation
SquishyMuffinz,Canada,21,North America,Active,Player,The General NRG,"$487,713",PlayStation
JKnaps,Canada,22,North America,Active,Player,G2 Esports,"$482,784",Not Listed
Chicago,United States,21,North America,Active,Player,G2 Esports,"$448,376",PlayStation
Dreaz,United States,16,North America,Active,Player,OpTic Gaming,"$80,648",PlayStation
Sypical,United States,19,North America,Active,Player,FaZe Clan,"$356,176",Not Listed
Arsenal,United States,20,North America,Active,Player,Spacestation Gaming,"$260,680",PlayStation
Retals,United States,19,North America,Active,Player,Spacestation Gaming,"$253,890",PlayStation
Atomic,United States,19,North America,Active,Player,G2 Esports,"$365,633",PlayStation
Mist,United States,19,North America,Active,Player,,"$214,056",Not Listed
Turbopolsa,Sweden,24,North America,Active,Player,OpTic Gaming,"$447,436",PlayStation
LionBlaze,United States,18,North America,Active,Player,,"$73,112",PlayStation
Shock,United States,22,North America,Active,Player,Ghost Gaming,"$58,849",Not Listed
Roll_Dizz,United States,25,North America,Active,Coach,FaZe Clan,"$41,500",Not Listed
Majicbear,United States,17,North America,Active,Player,Torrent,"$38,928",Not Listed
Kinseh,United States,19,North America,Active,Player,Torrent,"$23,540",Not Listed
Jordan,Canada,20,North America,Active,Player,Shopify Rebellion,"$29,117",PlayStation
Rapid,United States,20,North America,Active,Player,XSET,"$57,624",Not Listed
BeastMode,United States,17,North America,Active,Player,Version1,"$116,263",Not Listed
Memory,United States,20,North America,Active,Player,Shopify Rebellion,"$84,859",Not Listed
JPow,United States,20,North America,Active,Player,XSET,"$23,404",PlayStation
Hockser,United States,20,North America,Active,Player,Ghost Gaming,"$56,883",Not Listed
Percy.,United StatesMexico,18,North America,Active,Player,XSET,"$28,137",Not Listed
Blaze.,Canada,17,North America,Active,Player,,"$2,586",PlayStation
NoMansion,United States,17,North America,Active,Player,Gentlemen,"$5,890",Not Listed
Cheese_(American_Player),United States,17,North America,Active,Player,Pittsburgh Knights,"$5,800",PlayStation
Skillz.,United States,20,North America,Active,Player,Limitless,"$14,310",Not Listed
Beeyu,United StatesIndia,17,North America,Active,Player,Limitless,"$5,061",PlayStation
Nitrous,United States,,North America,Active,Player,Limitless,"$5,658",Not Listed
Tcorrell,United States,21,North America,Active,Player,Soniqs,"$32,868",PlayStation
ZPS.,United States,18,North America,Active,Player,Soniqs,"$26,316",PlayStation
Andy,United States,18,North America,Active,Player,Soniqs,"$25,291",PlayStation
Shad,Argentina,19,North America,Active,Player,Complexity Gaming,"$113,111",Not Listed
Reysbull,Chile,18,North America,Active,Player,Complexity Gaming,"$113,494",Not Listed
Ajg,Argentina,18,North America,Active,Player,Complexity Gaming,"$114,564",Not Listed
Beastaboniam,United States,20,North America,Active,Player,,"$17,535",Xbox
Delta,United States,19,North America,Active,Player,Stromboli,"$17,090",Not Listed
AlRaz,United States,20,North America,Active,Player,Stromboli,"$15,550",PlayStation
Turinturo,United States,19,North America,Active,Player,,"$82,321",Not Listed
Taroco.,Canada,19,North America,Active,Player,Rogue,"$96,378",Not Listed
Gyro.,United StatesArmenia,19,North America,Active,Player,Rogue,"$130,961",PlayStation
Gimmick,United States,22,North America,Active,Player,Oxygen Esports,"$243,820",PlayStation
Torment,United States,22,North America,Active,Player,Version1,"$309,727",PlayStation
Comm,United States,18,North America,Active,Player,Version1,"$108,031",Not Listed
Astro,United States,16,North America,Active,Player,Akrew,"$14,005",KBM
Oath,United States,17,North America,Active,Player,Akrew,"$11,812",Not Listed
Fefe,United States,20,North America,Active,Player,Akrew,"$14,143",Not Listed
Ayjacks,United States,21,North America,Active,Player,Louisiana State University,"$47,630",Not Listed
.tristn,United States,21,North America,Inactive,Content Creator/Player,Oxygen Esports,"$57,245",Not Listed
Savvy,United States,,North America,Active,Player,,"$7,594",Not Listed
Ahduhm,United States,18,North America,Active,Player,Nefarious,"$8,111",Not Listed
Buddy,United States,,North America,Active,Player,,"$61,079",Not Listed
HockE,United States,19,North America,Active,Player,,"$37,659",Not Listed
Money,United States,18,North America,Active,Player,,"$9,283",PlayStation
Stokelyy,United States,19,North America,Active,Player,,"$16,397",Not Listed
Xpurt,United States,17,North America,Active,Player,,"$6,021",Not Listed
Toastie,United States,18,North America,Active,Player,Oxygen Esports,"$32,247",Not Listed
Lj.,United States,17,North America,Active,Player,Oxygen Esports,"$35,378",Not Listed
Kraziks,United States,19,North America,Active,Player,,"$17,060",PlayStation
Sosa,CanadaItaly,18,North America,Active,Player,Pittsburgh Knights,"$23,554",Not Listed
AlphaKep,United States,24,North America,Active,Player,Lil Step Bros,"$27,075",PlayStation
ElOmarMaton,United StatesMexico,19,North America,Active,Player,Ducks on Quack,"$10,777",Not Listed
Tool,United States,19,North America,Active,Player,,"$7,010",Not Listed
Bambii,United States,20,North America,Active,Player,University of Central Florida,"$18,102",Not Listed
Jbot,United States,21,North America,Active,Player,,"$9,752",Not Listed
Amphis,Australia,19,Oceania,Active,Player,PWR,"$95,967",Xbox
Torsos,Australia,21,Oceania,Active,Player,PWR,"$163,985",KBM
Express,Australia,24,Oceania,Retired,Player,,"$130,389",PlayStation
Finn,Australia,,Oceania,Active,Player,Kaka's Minions,"$12,707",Not Listed
Tango,Australia,18,Oceania,Retired,Player,,"$14,174",Xbox
Kaka,Australia,,Oceania,Active,Player,Kaka's Minions,"$12,194",Not Listed
CJCJ,Australia,24,Oceania,Retired,Caster,,"$92,571",PlayStation
Kamii,New Zealand,21,Oceania,Active,Player,Renegades,"$118,824",KBM
Fever,AustraliaScotland,17,Oceania,Active,Player,Renegades,"$58,208",Xbox
Fiberr,AustraliaChileArgentina,17,Oceania,Active,Player,Dire Wolves,"$21,207",Thrustmaster eSwap X Pro
Misty_(Australian_Player),Australia,20,Oceania,Active,Player,Dire Wolves,"$23,286",Not Listed
Walcott,Australia,25,Oceania,Active,Player,Ground Zero Gaming,"$30,724",Not Listed
Spratt,New ZealandScotland,22,Oceania,Active,Player,,"$14,774",Xbox
Hawk,Australia,16,Oceania,Active,Player,,"$6,204",PlayStation
Zayd,Australia,20,Oceania,Active,Player,,"$8,227",KBM
Vortexioz,Australia,18,Oceania,Active,Player,,"$9,025",KBM
Snowy,Australia,27,Oceania,Active,Player,,"$5,934",Thrustmaster eSwap Pro Controller
Cobbo,Australia,21,Oceania,Active,Player,,"$10,248",KBM
DelusioN,Australia,21,Oceania,Retired,Player,,"$14,897",Xbox
SSteve,AustraliaPeru,19,Oceania,Active,Player,20 Floors Up,"$9,866",Not Listed
Lerky,Australia,19,Oceania,Active,Player,,"$5,461",KBM
Superlachie,Australia,16,Oceania,Active,Player,Pioneers,"$27,650",Not Listed
Bananahead,Australia,16,Oceania,Active,Player,Pioneers,"$27,545",Not Listed
Scrubbed,Australia,16,Oceania,Active,Player,Pioneers,"$27,539",Not Listed
Decka,Australia,22,Oceania,Banned,Player,,"$59,466",Not Listed
Siki,Australia,22,Oceania,Active,Player,Three One Two's,"$55,921",PlayStation
Cavemanben,Australia,22,Oceania,Active,Player,,"$15,852",KBM
Homie,Australia,20,Oceania,Active,Coach,Senbei Strikers,"$2,084",PlayStation
Change,Australia,,Oceania,Retired,Player,,"$9,157",Not Listed
Ceeva,Australia,19,Oceania,Active,Player,,"$2,967",PlayStation
RemiK,New Zealand,18,Oceania,Active,Player,Physicists,"$2,677",PlayStation
Gussy,Australia,,Oceania,Active,Player,Physicists,"$2,394",Not Listed
Sour,AustraliaNetherlands,17,Oceania,Active,Player,The Kibbles,"$2,710",PlayStation
Tobee,Australia,19,Oceania,Active,Player,,$759,Xbox
Scout,Australia,21,Oceania,Active,Player,,$484,Xbox
Shmoopernator,Australia,,Oceania,Active,Player,,"$1,307",Not Listed
Baked_Potato,Australia,21,Oceania,Active,Player,,"$2,392",Xbox
Laxin,New Zealand,,Oceania,Active,Player,,$917,Not Listed
Melkin,Australia,,Oceania,Active,Player,,$145,Not Listed
Kuma,AustraliaItaly,19,Oceania,Active,Player,20 Floors Up,$344,PlayStation
Jaffa,Australia,,Oceania,Active,Player,,$178,Not Listed
XAimz,Australia,,Oceania,Active,Player,Physicists,"$2,041",Not Listed
Requiem,Australia,,Oceania,Banned,Player,,"$26,463",Unknown
Mock,Australia,,Oceania,Active,Player,Three One Two's,"$6,572",Not Listed
Shorez,Australia,16,Oceania,Active,Player,Kaka's Minions,"$5,033",Not Listed
Jackay,New Zealand,,Oceania,Active,Player,Retirees,$82,Not Listed
Hughesy,Australia,,Oceania,Active,Player,,$85,Not Listed
Caleb.,New Zealand,,Oceania,Active,Player,,$670,Not Listed
Tigr,Australia,17,Oceania,Active,Player,,$17,Not Listed
Kachow,AustraliaCroatia,,Oceania,Active,Player,,$33,Not Listed
Scarth,New Zealand,22,Oceania,Active,Player,,"$12,587",PlayStation
Negative,EgyptAustralia,22,Oceania,Active,Player,The CEOs,"$1,442",PlayStation
Azmo,New Zealand,17,Oceania,Banned,Player,,"$2,974",Not Listed
Airmac,Australia,,Oceania,Active,Player,,$871,Not Listed
Zenulous,Australia,20,Oceania,Active,Manager,Senbei Strikers,"$30,980",KBM
Styles,Australia,21,Oceania,Active,Player,,,Not Listed
Kadenyy,AustraliaQatar,,Oceania,Active,Player,Curtin,,Not Listed
Jack,Australia,,Oceania,Active,Player,,$5,Not Listed
Mel_kin,Australia,,Oceania,Active,Player,,$145,Not Listed
Aimz,Australia,,Oceania,Active,Player,Physicists,"$2,041",Not Listed
Cruzza,Australia,22,Oceania,Retired,Player,,$265,PlayStation
Smash,Australia,19,Oceania,Active,Player,Going Merry,$160,PlayStation
RoToR,Australia,,Oceania,Active,Player,Going Merry,$211,Not Listed
Viictus,New Zealand,19,Oceania,Active,Player,Going Merry,$163,Xbox
Matro,Australia,18,Oceania,Active,Player,,"$1,481",PlayStation
CJM,New Zealand,22,Oceania,Active,Player,,"$8,242",KBM
Panzer,Australia,21,Oceania,Active,Player,,$157,Xbox
Pagsi,Australia,,Oceania,Active,Player,,$740,Not Listed
Tonio,Australia,,Oceania,Active,Player,,$684,Not Listed
Vis,New Zealand,17,Oceania,Retired,Player,,$223,KBM
Lostt,Brazil,17,South America,Active,Player,The Club,"$20,158",Not Listed
Bemmz,Brazil,16,South America,Active,Player,,"$9,300",Not Listed
LeoDkn,Brazil,19,South America,Active,Player,Team Disorder,"$7,857",PlayStation
AztromicK,Brazil,18,South America,Active,Player,The Club,"$44,114",PlayStation
Math,Brazil,19,South America,Active,Player,Team Secret,"$45,841",Not Listed
Snipjz,Brazil,19,South America,Active,Player,,"$23,754",Not Listed
CaioTG1,Brazil,21,South America,Active,Player,FURIA Esports,"$326,409",Not Listed
Caard,Brazil,19,South America,Active,Player,FURIA Esports,"$328,623",Not Listed
Yanxnz,Brazil,18,South America,Active,Player,FURIA Esports,"$281,313",Not Listed
Sadness,Brazil,16,South America,Active,Player,Team Secret,"$35,380",Not Listed
Nxghtt,Brazil,16,South America,Active,Player,Team Secret,"$29,142",Thrustmaster eSwap Pro Controller
Drufinho,Brazil,17,South America,Active,Player,KRÜ Esports,"$20,830",Not Listed
Brad,Brazil,17,South America,Active,Player,Novus Aevi,"$12,168",Not Listed
Matix,Brazil,19,South America,Active,Player,The Three Sins,"$18,091",Not Listed
Electro,Brazil,20,South America,Active,Player,Hallza,$683,Not Listed
Bmendesantos,Brazil,20,South America,Active,Player,EndGame,"$5,913",Not Listed
Wells,Brazil,19,South America,Active,Player,Epiphany,"$7,453",Not Listed
Ianpinheiro,Brazil,,South America,Active,Player,EndGame,"$9,253",Not Listed
Haberkamper,Brazil,21,South America,Active,Player,,"$29,552",Not Listed
RenaN,BrazilItaly,19,South America,Active,Player,,"$32,878",Not Listed
Droppz,Brazil,18,South America,Active,Player,balaio beautiful,"$15,984",Not Listed
BRUNOVISQUII,Brazil,23,South America,Active,Coach,Team Secret,"$10,750",Not Listed
SubHallz,Brazil,,South America,Active,Player,Hallzs,"$2,622",Not Listed
KnsMoonster,Brazil,18,South America,Active,Player,,"$2,302",KBM
UmBroken,Argentina,20,South America,Active,Player,Backroom Enjoyers,"$6,039",Not Listed
Davitrox,Chile,17,South America,Active,Player,,"$6,718",Not Listed
Davinsano,Brazil,20,South America,Active,Player,,"$3,836",PlayStation
Royales,Brazil,17,South America,Active,Player,Novus Aevi,"$6,992",Not Listed
YanD,Brazil,19,South America,Active,Player,Epiphany,"$6,712",Not Listed
Repi,Brazil,20,South America,Active,Player,,"$21,735",XBOX Robot(White)
Darxtz,Brazil,15,South America,Active,Player,,,Not Listed
ISuquin,Brazil,16,South America,Active,Player,,,Not Listed
Nikko,Argentina,,South America,Active,Player,Flexibility,$47,Not Listed
Manteca,Argentina,19,South America,Active,Player,,"$1,636",Not Listed
TaTu,Argentina,16,South America,Active,Player,Cavaliers,"$1,110",KBM
Szaro,Argentina,21,South America,Active,Player,,"$4,868",Not Listed
Twistt,Brazil,18,South America,Active,Player,balaio beautiful,$133,Not Listed
Klaus,Brazil,17,South America,Active,Player,Hallzs,$289,Not Listed
Pedrinho,Brazil,19,South America,Active,Player,,$867,PlayStation
Aguz,ArgentinaSpain,17,South America,Active,Player,Backroom Enjoyers,"$4,710",Not Listed
Lexim,Argentina,23,South America,Active,Player,,"$9,240",PlayStation
SrNaniiTou,Argentina,20,South America,Active,Player,Atypical,"$4,520",Not Listed
Tander,Brazil,23,South America,Active,Player,Novus Aevi,"$61,730",Not Listed
PJ,Brazil,19,South America,Active,Player,,"$24,102",Not Listed
Luk,Brazil,18,South America,Active,,Epiphany,"$15,521",Not Listed
FAsi,Brazil,21,South America,Retired,Coach,,"$8,779",Not Listed
FirefoxD,Brazil,20,South America,Active,Player,,"$28,105",Not Listed
Kv1,Brazil,16,South America,Active,Player,The Club,"$23,698",Xbox
Klawzt,Argentina,,South America,Active,Player,True Neutral,$319,KBM
Navarro,Uruguay,20,South America,Active,Player,True Neutral,"$1,590",Not Listed
Mathz,Uruguay,,South America,Active,Player,,"$1,442",Not Listed
Baait,Brazil,17,South America,Active,Player,,$756,Not Listed
Treulha,Brazil,15,South America,Active,Player,Atypical,"$1,600",Not Listed
Sobral,Brazil,16,South America,Active,Player,Atypical,"$1,620",Not Listed
Ahmad,Saudi Arabia,19,Middle East,Active,Player,Team Falcons,"$175,740",PlayStation
OKhaliD,Saudi Arabia,19,Middle East,Active,Player,Team Falcons,"$176,228",PlayStation
Trk511,Saudi Arabia,17,Middle East,Active,Player,Team Falcons,"$153,199",Not Listed
Sythe,Saudi Arabia,,Middle East,Active,Player,Miracle Makers,"$2,636",PlayStation
Ix,Saudi Arabia,15,Middle East,Active,Player,,"$16,079",PlayStation
EviL,Saudi Arabia,18,Middle East,Active,Player,,"$10,792",Not Listed
Hisoka,Saudi Arabia,,Middle East,Active,Player,,"$1,693",PlayStation
NightMareX,Kuwait,16,Middle East,Active,Player,Eternal Fire,$814,Not Listed
Mzxy,Saudi Arabia,16,Middle East,Active,Player,Onyx Ravens,"$1,422",PlayStation
NawaF90,Saudi Arabia,,Middle East,Active,Player,,"$1,200",Not Listed
T7LM,Saudi Arabia,20,Middle East,Active,Player,ANKAA,"$12,274",PlayStation
Twty,Saudi Arabia,,Middle East,Active,Player,,"$2,142",Not Listed
Twiz,Saudi Arabia,18,Middle East,Active,Player,Veloce Esports,"$23,749",PlayStation
Ali.,Saudi Arabia,19,Middle East,Active,Player,Cola,"$10,683",PlayStation
Smw.,Saudi Arabia,20,Middle East,Active,Player,Veloce Esports,"$19,141",PlayStation
VorTex,Saudi Arabia,20,Middle East,Active,Player,blue scarf,$33,PlayStation
Ams,Saudi Arabia,21,Middle East,Active,Player,,"$58,310",PlayStation
M7sn,Saudi Arabia,17,Middle East,Active,Player,,"$59,011",PlayStation
Zez0nix,Saudi Arabia,19,Middle East,Active,Player,,"$58,837",PlayStation
Msh,Saudi Arabia,,Middle East,Active,Player,Twisted Minds,"$8,334",PlayStation
D7oom-24,Saudi Arabia,19,Middle East,Active,Player,Twisted Minds,"$9,334",PlayStation
Chikage,Saudi Arabia,,Middle East,Active,Player,+966,"$9,319",PlayStation
B2seL,Saudi Arabia,18,Middle East,Active,Player,F16 Esports,"$32,097",PlayStation
Abdulaziz,Saudi Arabia,17,Middle East,Active,Player,+966,"$3,753",PlayStation
Vipex,Saudi Arabia,17,Middle East,Active,Player,,,Not Listed
Firas,Saudi Arabia,19,Middle East,Active,Player,,"$8,033",PlayStation
OVaMPiERz,Saudi Arabia,20,Middle East,Active,Player,,"$8,166",PlayStation
Suspect,Saudi Arabia,,Middle East,Active,Player,,"$12,675",Not Listed
LGGS,Saudi Arabia,,Middle East,Active,Player,Onyx Ravens,"$1,800",Not Listed
Lev,Saudi Arabia,,Middle East,Active,Player,YT Spoilers,,Not Listed
Glowz,Saudi Arabia,17,Middle East,Active,Player,,"$1,400",Not Listed
Nadr,Saudi Arabia,17,Middle East,Active,Player,Miracle Makers,"$2,200",PlayStation
MySTeriOuS.,Saudi Arabia,19,Middle East,Active,Player,Eternal Fire,$600,Not Listed
Anas,Saudi Arabia,19,Middle East,Active,Player,,$800,PlayStation
M7md5noop,Saudi Arabia,,Middle East,Active,Player,TRIPLE M,$100,Not Listed
Venom,Saudi Arabia,20,Middle East,Active,Player,Cola,"$15,251",Nacon Pro 2 Revoloution(Gold)
Faisal,Saudi Arabia,,Middle East,Active,Player,,"$9,914",Not Listed
Fahad,Saudi Arabia,17,Middle East,Active,Player,SCYTES,"$22,878",PlayStation
MD_(Qatari_Player),Qatar,18,Middle East,Active,Player,Krentina Esports,$706,PlayStation
T9berh,Saudi Arabia,,Middle East,Active,Player,Triple Esports,$48,Not Listed
Talal.,Saudi Arabia,,Middle East,Active,Player,Mythical,"$1,219",Not Listed
Naizak,Saudi Arabia,,Middle East,Active,Player,Onyx Ravens,$600,Not Listed
Mag.,Saudi Arabia,,Middle East,Active,Player,Mythical,$600,Not Listed
Impressive,Saudi Arabia,22,Middle East,Active,Player,Veloce Esports,"$13,727",KBM
SiAT,Saudi Arabia,,Middle East,Active,Player,,"$1,292",Not Listed
Hatem,Saudi Arabia,,Middle East,Active,Player,Eternal Fire,"$1,200",Not Listed
Meesh18,Saudi Arabia,,Middle East,Active,Player,,$18,Not Listed
SWQA,Saudi Arabia,,Middle East,Active,Player,Miracle Makers,"$1,500",Not Listed
Mgrm,Saudi Arabia,21,Middle East,Active,Player,25eSports,"$1,067",PlayStation
Nasser,Saudi Arabia,19,Middle East,Active,Player,25eSports,,PlayStation
Eizo,Saudi Arabia,20,Middle East,Active,Player,25eSports,"$1,067",PlayStation
K-Nine,Egypt,22,Africa,Active,Player,,$15,PlayStation
AbuLba,Egypt,18,Africa,Active,Player,,$15,PlayStation
ScoB,Kuwait,,Middle East,Active,Player,,"$1,800",Not Listed
Mzxy.,Saudi Arabia,16,Middle East,Active,Player,Onyx Ravens,"$1,422",PlayStation
JSM,Saudi Arabia,,Middle East,Active,Player,Miracle Makers,"$1,500",Not Listed
BetterCallYousef,,,,,,,,Not Listed
XLynxXX721,,,,,,,,Not Listed
Mikeboy,,,,,,,,Not Listed
Speed,,,,,,,,Not Listed
Emre,,,,,,,,Not Listed
Chippy,,,,,,,,Not Listed
Justuszzz,,,,,,,,Not Listed
Polar,,,,,,,,Not Listed
Virtuoso,,,,,,,,Not Listed
Oscillon,,,,,,,,Not Listed
Daniel,,,,,,,,Not Listed
Paarth,,,,,,,,Not Listed
Aqua.,,,,,,,,Not Listed
Zineel,,,,,,,,Not Listed
Kayex,,,,,,,,Not Listed
Skillz,,,,,,,,Not Listed
2Piece,,,,,,,,Not Listed
Chronic,,,,,,,,Not Listed
Night,,,,,,,,Not Listed
Flitz,,,,,,,,Not Listed
Kirii,,,,,,,,Not Listed
Angel,,,,,,,,Not Listed
Shoe,,,,,,,,Not Listed
Juck,,,,,,,,Not Listed
Chilli,,,,,,,,Not Listed
Zukoe,,,,,,,,Not Listed
Civex,,,,,,,,Not Listed
Butters,,,,,,,,Not Listed
Joryx,,,,,,,,Not Listed
Exodus_(Australian_Player),,,,,,,,Not Listed
Sen_Horo,,,,,,,,Not Listed
Daisu,,,,,,,,Not Listed
Scrub_(Australian_Player),,,,,,,,Not Listed
Ghost_(Australian_Player),,,,,,,,Not Listed
KyRo,,,,,,,,Not Listed
Sweeper,,,,,,,,Not Listed
Lunr,,,,,,,,Not Listed
Morse,,,,,,,,Not Listed
Viiexn,,,,,,,,Not Listed
Rothie,,,,,,,,Not Listed
Soulja,,,,,,,,Not Listed
Vult,,,,,,,,Not Listed
Sad,,,,,,,,Not Listed
KnS,,,,,,,,Not Listed
Pan.,,,,,,,,Not Listed
Seck,,,,,,,,Not Listed
Ninja23509,,,,,,,,Not Listed
Stormiity,,,,,,,,Not Listed
Laucha,,,,,,,,Not Listed
Dappluto,,,,,,,,Not Listed
Flare,,,,,,,,Not Listed
Artezzy,,,,,,,,Not Listed
Roods,,,,,,,,Not Listed
Tgex,,,,,,,,Not Listed
Roblah,,,,,,,,Not Listed
ZhearX,,,,,,,,Not Listed
Canom,,,,,,,,Not Listed
Deathxplosion,,,,,,,,Not Listed
Avasttz,,,,,,,,Not Listed
Lucas06,,,,,,,,Not Listed
Thiagxw,,,,,,,,Not Listed
Ams.,,,,,,,,Not Listed
M7sN,,,,,,,,Not Listed
Adot,,,,,,,,Not Listed
LEGEND.,,,,,,,,Not Listed
Talal,,,,,,,,Not Listed
Tmim.,,,,,,,,Not Listed
Yahya,,,,,,,,Not Listed
Nine,,,,,,,,Not Listed
Suliman3nb,,,,,,,,Not Listed
Amory,,,,,,,,Not Listed
XDangerousPlayer,,,,,,,,Not Listed
Brownie,,,,,,,,Not Listed
FaHaD_KING,,,,,,,,Not Listed
Mohammed,,,,,,,,Not Listed
MAJID,,,,,,,,Not Listed
QNa9r,,,,,,,,Not Listed
Osama,,,,,,,,Not Listed
LGGS.,,,,,,,,Not Listed
Hatem.,,,,,,,,Not Listed
Even,,,,,,,,Not Listed
Nwpo,,,,,,,,Not Listed
Sqy,,,,,,,,Not Listed
Mag,,,,,,,,Not Listed
ExoTiiK,,,,,,,,Not Listed
LTK_AtomiK,,,,,,,,Not Listed
Ekon,,,,,,,,Not Listed
Fruity,,,,,,,,Not Listed
Kérian,,,,,,,,Not Listed
Crispy,,,,,,,,Not Listed
Simas,,,,,,,,Not Listed
Accro,,,,,,,,Not Listed
Tadpole,,,,,,,,Not Listed
Rehzzy,,,,,,,,Not Listed
Hyderr,,,,,,,,Not Listed
AcroniK,,,,,,,,Not Listed
Oski,,,,,,,,Not Listed
Atow.,,,,,,,,Not Listed
FreaKii.,,,,,,,,Not Listed
Rezears,,,,,,,,Not Listed
EleXiT.,,,,,,,,Not Listed
Stizzy,,,,,,,,Not Listed
D_O_R_I_T_O,,,,,,,,Not Listed
Parka.,,,,,,,,Not Listed
Forece,,,,,,,,Not Listed
-juicy,,,,,,,,Not Listed
AcroniK.,,,,,,,,Not Listed
Gekk,,,,,,,,Not Listed
Yukiss,,,,,,,,Not Listed
WhiiskyDrink,,,,,,,,Not Listed
Salidow,,,,,,,,Not Listed
Roxrz,,,,,,,,Not Listed
Snaz,,,,,,,,Not Listed
Jruss,,,,,,,,Not Listed
Night.,,,,,,,,Not Listed
SPYDOGE,,,,,,,,Not Listed
Gus,,,,,,,,Not Listed
Row,,,,,,,,Not Listed
Aza,,,,,,,,Not Listed
Paradise,,,,,,,,Not Listed
Crazy,,,,,,,,Not Listed
Happypingoo,,,,,,,,Not Listed
Thelulz,,,,,,,,Not Listed
Alpe,,,,,,,,Not Listed
Jauum,,,,,,,,Not Listed
Wisty,,,,,,,,Not Listed
Gian,,,,,,,,Not Listed
Valt,,,,,,,,Not Listed
Chr1s,,,,,,,,Not Listed
Brenoxx,,,,,,,,Not Listed
Edu,,,,,,,,Not Listed
Senzo,,,,,,,,Not Listed
Tmim,,,,,,,,Not Listed
Night1233,,,,,,,,Not Listed
Willie.,,,,,,,,Not Listed
Lynx_(Kuwaiti_Player),,,,,,,,Not Listed
King,,,,,,,,Not Listed
J8r,,,,,,,,Not Listed
Abood.,,,,,,,,Not Listed
Ziyad,,,,,,,,Not Listed
Nawaf90,,,,,,,,Not Listed
